cd_cvm,company_name,issuing_code,nome_pregao,fonte,confianca,ticker_b3,yf_validado
2577,CESP CIA ENERGETICA SAO PAULO,CESP,CESP - CIA ENERGETICA DE SAO PAULO,cvm_code,1.0,,
3190,REDE ENERGIA PARTICIPAÇÕES S.A.,REDE,REDE ENERGIA PARTICIPAÇÕES S.A.,cvm_code,1.0,,
3204,CPFL TRANSMISSÃO S.A.,EEEL,CPFL TRANSMISSÃO S.A.,cvm_code,1.0,,
3328,CHESF,CHSF,AXIA ENERGIA NORDESTE S.A.,cvm_code,1.0,,
3395,COMPANHIA INDUSTRIAL CATAGUASES,CATA,CIA INDUSTRIAL CATAGUASES,cvm_code,1.0,,
6173,TAURUS ARMAS S.A.,TASA,TAURUS ARMAS S.A.,cvm_code,1.0,,
6211,FRASLE MOBILITY S.A.,FRAS,FRASLE MOBILITY S.A.,cvm_code,1.0,,
6343,TUPY,TUPY,TUPY S.A.,cvm_code,1.0,,
7510,ROMI S.A.,ROMI,ROMI S.A.,cvm_code,1.0,,
7544,RENAUXVIEW,TXRX,TEXTIL RENAUXVIEW S.A.,cvm_code,1.0,,
8192,TREVISA INVESTIMENTOS SA,LUXM,TREVISA INVESTIMENTOS S.A.,cvm_code,1.0,,
9067,SUZANO HOLDING S.A.,NEMO,SUZANO HOLDING S.A.,cvm_code,1.0,,
9539,PETTENATI,PTNT,PETTENATI S.A. INDUSTRIA TEXTIL,cvm_code,1.0,,
9989,REFINARIA DE PETRÓLEOS DE MANGUINHOS S.A,RPMG,REFINARIA DE PETROLEOS MANGUINHOS S.A.,cvm_code,1.0,,
10880,SONDOTECNICA S/A.,SOND,SONDOTECNICA ENGENHARIA SOLOS S.A.,cvm_code,1.0,,
11070,WLM,WLMM,WLM PART. E COMÉRCIO DE MÁQUINAS E VEÍCULOS S.A.,cvm_code,1.0,,
11231,TEKNO,TKNO,TEKNO S.A. - INDUSTRIA E COMERCIO,cvm_code,1.0,,
11592,UNIPAR CARBOCLORO S.A.,UNIP,UNIPAR CARBOCLORO S.A.,cvm_code,1.0,,
11762,VULCABRAS S/A.,VULC,VULCABRAS S.A.,cvm_code,1.0,,
11991,WETZEL S.A.,MWET,WETZEL S.A.,cvm_code,1.0,,
12572,RECRUSUL,RCSL,RECRUSUL S.A.,cvm_code,1.0,,
12696,SANSUY S.A. INDÚSTRIA DE PLÁSTICOS,SNSY,SANSUY S.A. INDUSTRIA DE PLASTICOS,cvm_code,1.0,,
12823,ALIPERTI S.A.,APTI,ALIPERTI S.A.,cvm_code,1.0,,
13471,PLASCAR PARTICIPAÇÕES INDUSTRIAIS S.A,PLAS,PLASCAR PARTICIPACOES INDUSTRIAIS S.A.,cvm_code,1.0,,
13781,SÃO CARLOS EMPREEND.E PARTICIPAÇÕES S.A.,SCAR,SAO CARLOS EMPREEND E PARTICIPACOES S.A.,cvm_code,1.0,,
14346,WHIRLPOOL S.A,WHRL,WHIRLPOOL S.A.,cvm_code,1.0,,
14664,SCHULZ,SHUL,SCHULZ S.A.,cvm_code,1.0,,
16292,BRF S.A.,BRFS,BRF S.A.,cvm_code,1.0,,
16306,ROSSI RESIDENCIAL S.A. - EM RECUPERAÇÃO JUDICIAL,RSID,ROSSI RESIDENCIAL S.A.,cvm_code,1.0,,
16438,OPPORTUNITY SUL S.A.,OPTS,SUL 116 PARTICIPACOES S.A.,cvm_code,1.0,,
16659,PORTO SEGURO SA,PSSA,PORTO SEGURO S.A.,cvm_code,1.0,,
17892,SANTOS BRASIL PARTICIPAÇÕES S.A.,STBP,SANTOS BRASIL PARTICIPACOES S.A.,cvm_code,1.0,,
17949,MRS LOGÍSTICA S/A,MRSA,MRS LOGISTICA S.A.,cvm_code,1.0,,
18368,"DUKE ENERGY INT,GERAÇÃO PARANAPANEMA SA",GEPA,RIO PARANAPANEMA ENERGIA S.A.,cvm_code,1.0,,
18465,ULTRAPAR PARTICIPAÇÕES SA,UGPA,ULTRAPAR PARTICIPACOES S.A.,cvm_code,1.0,,
18775,INVEPAR,IVPR,INVESTIMENTOS E PARTICIP. EM INFRA S.A. - INVEPAR,cvm_code,1.0,,
19232,PROMAN,PRMN,PRODUTORES ENERGET.DE MANSO S.A.- PROMAN,cvm_code,1.0,,
19330,TPI,TPIS,TPI - TRIUNFO PARTICIP. E INVEST. S.A.,cvm_code,1.0,,
19739,LOCALIZA RENT A CAR,RENT,LOCALIZA RENT A CAR S.A.,cvm_code,1.0,,
19771,ARTERIS,ARTR,ARTERIS S.A.,cvm_code,1.0,,
19909,BR MALLS PARTICIPAÇOES S.A.,BRML,BR MALLS PARTICIPACOES S.A.,cvm_code,1.0,,
20010,EQUATORIAL S.A.,EQTL,EQUATORIAL S.A.,cvm_code,1.0,,
20028,AMERICAN BANKNOTE COMPANY,VLID,VALID SOLUÇÕES S.A.,cvm_code,1.0,,
20036,BRASILAGRO CIA BRAS DE PROP AGRICOLAS,AGRO,BRASILAGRO - CIA BRAS DE PROP AGRICOLAS,cvm_code,1.0,,
20257,TRANSMISSORA ALIANÇA DE ENERGIA ELÉTRICA S.A.,TAEE,TRANSMISSORA ALIANÇA DE ENERGIA ELÉTRICA S.A.,cvm_code,1.0,,
20320,CEMIG GT,CMGT,CEMIG GERACAO E TRANSMISSAO S.A.,cvm_code,1.0,,
20346,PROFARMA,PFRM,PROFARMA DISTRIB PROD FARMACEUTICOS S.A.,cvm_code,1.0,,
20362,POSITIVO INFORMATICA SA,POSI,POSITIVO TECNOLOGIA S.A.,cvm_code,1.0,,
20435,TECNISA S/A,TCSA,TECNISA S.A.,cvm_code,1.0,,
20451,RODOBENS NEGOCIOS IMOBILIARIOS SA,RDNI,RNI NEGÓCIOS IMOBILIÁRIOS S.A.,cvm_code,1.0,,
20494,IGUATEMI EMPRESA DE SHOPPING CENTERS S/A,IGTA,IGUATEMI EMPRESA DE SHOPPING CENTERS S.A,cvm_code,1.0,,
20540,CPFL RENOVÁVEIS,CPRE,CPFL ENERGIAS RENOVÁVEIS S.A.,cvm_code,1.0,,
20702,VIVER,VIVR,VIVER INCORPORADORA E CONSTRUTORA S.A.,cvm_code,1.0,,
20800,TEGMA GESTÃO LOGÍSTICA SA,TGMA,TEGMA GESTAO LOGISTICA S.A.,cvm_code,1.0,,
21040,SYN PROP & TECH S.A.,SYNE,SYN PROP E TECH S.A.,cvm_code,1.0,,
21130,TRISUL,TRIS,TRISUL S.A.,cvm_code,1.0,,
21156,J. MACEDO ALIM NORDESTE S/A  - AGUIA S/A,JMCD,J. MACEDO S.A.,cvm_code,1.0,,
21440,LE LIS BLANC DEUX,VSTE,VESTE S.A. ESTILO,cvm_code,1.0,,
21636,RENOVA ENERGIA S/A,RNEW,RENOVA ENERGIA S.A.,cvm_code,1.0,,
21733,CIELO S.A. - INSTITUIÇÃO DE PAGAMENTO,CIEL,CIELO S.A. - INSTITUIÇÃO DE PAGAMENTO,cvm_code,1.0,,
21903,ECORODOVIAS CONCESSÕES E SERVIÇOS S/A,ERDV,ECORODOVIAS CONCESSÕES E SERVIÇOS S.A.,cvm_code,1.0,,
22454,T4F ENTRETENIMENTO SA,SHOW,T4F ENTRETENIMENTO S.A.,cvm_code,1.0,,
22497,QUALICORP CONSULTORIA E CORRETORA DE SEGUROS S.A.,QUAL,QUALICORP CONSULTORIA E CORRETORA DE SEGUROS S.A.,cvm_code,1.0,,
22519,TECHNOS SA,TECN,TECHNOS S.A.,cvm_code,1.0,,
22560,INBRANDS SA,INBD,INBRANDS S.A.,cvm_code,1.0,,
22780,UNICASA INDÚSTRIA DE MÓVEIS S.A.,UCAS,UNICASA INDÚSTRIA DE MÓVEIS S.A.,cvm_code,1.0,,
22810,ELDORADO CELULOSE E PAPEL S/A,EBCL,ELDORADO BRASIL CELULOSE S.A.,cvm_code,1.0,,
23159,BB SEGURIDADE PARTICIPAÇÕES S.A.,BBSE,BB SEGURIDADE PARTICIPAÇÕES S.A.,cvm_code,1.0,,
23175,COMPANHIA DE AGUAS DO BRASIL - CAB AMBIENTAL,IGSN,IGUA SANEAMENTO S.A.,cvm_code,1.0,,
23221,SER EDUCACIONAL S.A.,SEER,SER EDUCACIONAL S.A.,cvm_code,1.0,,
23230,RAÍZEN ENERGIA S.A.,RESA,RAIZEN ENERGIA S.A.,cvm_code,1.0,,
23280,UNIDAS LOCAÇÕES E SERVIÇOS S.A.,OVSA,UNIDAS LOCAÇÕES E SERVIÇOS S/A,cvm_code,1.0,,
23302,QUALITY SOFWARE S.A.,QUSW,QUALITY SOFTWARE S.A.,cvm_code,1.0,,
23396,AEGEA SANEAMENTO E PARTICIPAÇÕES S.A.,AEGP,AEGEA SANEAMENTO PARTICIPAÇÕES S.A.,cvm_code,1.0,,
23426,SERENA GERAÇÃO S.A.,SEGE,SERENA GERACAO S.A,cvm_code,1.0,,
23590,WIZ CO PARTICIPAÇÕES E CORRETAGEM DE SEGUROS S.A.,WIZC,WIZ CO PARTICIPAÇÕES E CORRETAGEM DE SEGUROS S.A.,cvm_code,1.0,,
23620,OCEANA OFFSHORE S.A.,CBOH,CBO HOLDING S.A.,cvm_code,1.0,,
23817,BRQ SOLUÇÕES EM INFORMÁTICA S.A.,BRQB,BRQ SOLUCOES EM INFORMATICA S.A.,cvm_code,1.0,,
23981,CTC - CENTRO DE TECNOLOGIA CANAVIEIRA S.A.,CTCA,CTC - CENTRO DE TECNOLOGIA CANAVIEIRA S.A.,cvm_code,1.0,,
24112,AZUL S.A.,AZUL,AZUL S.A.,cvm_code,1.0,,
24120,ARGO ENERGIA EMPREENDIMENTOS E PARTICIPAÇÕES S.A.,AEEP,ARGO ENERGIA EMPREENDIMENTOS E PARTICIPAÇÕES S.A.,cvm_code,1.0,,
24236,PRINER SERVIÇOS INDUSTRIAIS S.A.,PRNR,PRINER SERVIÇOS INDUSTRIAIS S.A.,cvm_code,1.0,,
24260,SMARTFIT ESCOLA DE GINÁSTICA E DANÇA S.A.,SMFT,SMARTFIT ESCOLA DE GINÁSTICA E DANÇA S.A.,cvm_code,1.0,,
24279,INC EMPREENDIMENTOS IMOBILIÁRIOS S.A.,INNC,INC EMPREENDIMENTOS IMOBILIÁRIOS S.A.,cvm_code,1.0,,
24295,VIBRA ENERGIA S/A,VBBR,VIBRA ENERGIA S.A.,cvm_code,1.0,,
24317,ZAMP S.A.,ZAMP,ZAMP S.A.,cvm_code,1.0,,
24546,PRÁTICA KLIMAQUIP INDÚSTRIA E COMÉRCIO S.A.,PTCA,PRATICA PRODUTOS S.A.,cvm_code,1.0,,
24589,ENERGISA TRANSMISSÃO DE ENERGIA S.A.,ETEN,ENERGISA TRANSMISSAO DE ENERGIA S.A.,cvm_code,1.0,,
24597,CELEO REDES TRANSMISSÃO DE ENERGIA S.A.,CLOR,CELEO REDES TRANSMISSAO DE ENERGIA S/A,cvm_code,1.0,,
24660,BBM LOGÍSTICA S.A.,BBML,BBM LOGISTICA S.A.,cvm_code,1.0,,
24716,"VAMOS LOCAÇÃO DE CAMINHÕES, MÁQUINAS E EQUIPAMENTOS S.A.",VAMO,VAMOS LOCAÇÃO DE CAMINHÕES. MÁQUINAS E EQUIP. S.A.,cvm_code,1.0,,
24740,COPEL GERAÇÃO E TRANSMISSÃO S/A,CPGT,COPEL GERACAO E TRANSMISSAO S.A.,cvm_code,1.0,,
24830,BRK AMBIENTAL PARTICIPAÇÕES S.A.,BRKP,BRK AMBIENTAL PARTICIPACOES S/A,cvm_code,1.0,,
24872,LIFEMED INDUSTRIAL DE EQUIP. E ART. MEDICOS E HOSP. S.A.,LMED,LIFEMED INDUSTRIAL EQUIP. DE ART. MÉD. HOSP. S.A.,cvm_code,1.0,,
24880,LM TRANSPORTES INTERESTADUAIS SERVIÇOS E COMÉRCIO S.A.,LMTP,LM TRANSPORTES INTERESTADUAIS SERVIÇOS E COMÉRCIO,cvm_code,1.0,,
24929,TIM S.A.,TIMS,TIM S.A.,cvm_code,1.0,,
25003,SIMPAR S.A.,SIMH,SIMPAR S.A.,cvm_code,1.0,,
25070,PLANO & PLANO DESENVOLVIMENTO IMOBILIÁRIO S.A.,PLPL,PLANO & PLANO DESENVOLVIMENTO IMOBILIÁRIO S.A.,cvm_code,1.0,,
25089,PET CENTER COMÉRCIO E PARTICIPAÇÕES S.A.,PETZ,PET CENTER COMERCIO  E PARTICIPACOES S.A.,cvm_code,1.0,,
25127,COMPASS GÁS E ENERGIA S.A.,PASS,COMPASS GAS E ENERGIA S.A.,cvm_code,1.0,,
25143,PACAEMBU CONSTRUTORA S.A.,PCBU,PACAEMBU CONSTRUTORA S.A.,cvm_code,1.0,,
25160,SEQUOIA LOGÍSTICA E TRANSPORTES S.A.,SEQL,SEQUOIA LOGISTICA E TRANSPORTES S.A,cvm_code,1.0,,
25194,ALARES INTERNET PARTICIPAÇÕES S/A,ALAR,TRIPLE PLAY BRASIL PARTICIPAÇÕES S.A.,cvm_code,1.0,,
25208,TRACK & FIELD CO S.A,TFCO,TRACK & FIELD CO S.A.,cvm_code,1.0,,
25224,2W ECOBANK S.A.,2WAV,2W ECOBANK S.A.,cvm_code,1.0,,
25305,PATRIMAR ENGENHARIA S.A.,PTMA,PATRIMAR ENGENHARIA S.A.,cvm_code,1.0,,
25348,ELFA MEDICAMENTOS S.A.,ELFA,ELFA MEDICAMENTOS SA,cvm_code,1.0,,
25410,SBF COMÉRCIO DE PRODUTOS ESPORTIVOS S.A.,SBFC,SBF COMÉRCIO DE PRODUTOS ESPORTIVOS S.A.,cvm_code,1.0,,
25429,FARMÁCIA E DROGARIA NISSEI S.A.,NISS,FARMÁCIA E DROGARIA NISSEI S.A.,cvm_code,1.0,,
25437,URBA DESENVOLVIMENTO URBANO S.A.,URBS,URBA DESENVOLVIMENTO URBANO S/A,cvm_code,1.0,,
25542,CVLB BRASIL S.A.,LLBI,CVLB BRASIL S.A.,cvm_code,1.0,,
25640,AUREN PARTICIPAÇÕES S.A.,AESB,AUREN PARTICIPAÇÕES S.A.,cvm_code,1.0,,
25674,HMOBI PARTICIPAÇÕES S.A,HMOB,HMOBI PARTICIPAÇÕES S.A.,cvm_code,1.0,,
25720,RIO ALTO ENERGIAS RENOVÁVEIS S.A.,RIOS,RIO ALTO ENERGIAS RENOVÁVEIS S.A.,cvm_code,1.0,,
25763,VITTIA S.A.,VITT,VITTIA S.A.,cvm_code,1.0,,
25771,CALEDÔNIA SAÚDE S.A.,HCAR,HOSPITAL CARE CALEDONIA S.A.,cvm_code,1.0,,
25780,PETRORECÔNCAVO S.A.,RECV,PETRORECÔNCAVO S.A.,cvm_code,1.0,,
25798,KALLAS INCORPORAÇÕES E CONSTRUÇÕES S.A.,KLAS,KALLAS INCORPORACOES E CONSTRUCOES S.A.,cvm_code,1.0,,
25801,RODOBENS S.A.,RBNS,RODOBENS S.A,cvm_code,1.0,,
25852,W2W E-COMMERCE DE VINHOS S.A,WNBR,W2W E-COMMERCE DE VINHOS S.A.,cvm_code,1.0,,
25860,BRBI BR PARTNERS S.A,BRBI,BRBI BR PARTNERS S.A.,cvm_code,1.0,,
25879,KORA SAÚDE PARTICIPAÇÕES S.A.,KRSA,KORA SAÚDE PARTICIPAÇÕES S.A,cvm_code,1.0,,
25917,RAÍZEN S.A.,RAIZ,RAIZEN S.A.,cvm_code,1.0,,
25950,TRÊS TENTOS AGROINDUSTRIAL S.A.,TTEN,TRÊS TENTOS AGROINDUSTRIAL S/A,cvm_code,1.0,,
25992,CAMARGO CORREA CIMENTOS SA,ICBR,INTERCEMENT BRASIL S.A.,cvm_code,1.0,,
26000,TS AGRO S.A.,LAND,TERRA SANTA PROPRIEDADES AGRICOLAS S.A.,cvm_code,1.0,,
26050,UNIFIQUE TELECOMUNICAÇÕES S.A.,FIQE,UNIFIQUE TELECOMUNICAÇÕES S.A.,cvm_code,1.0,,
26077,TC S.A.,TRAD,TC S.A.,cvm_code,1.0,,
26158,ESSENTIA PCHS S.A.,CGBP,ESSENTIA PCHS S.A,cvm_code,1.0,,
26166,GRUPO FARTURA DE HORTIFRUT S.A,OBAH,GRUPO FARTURA DE HORTIFRUT S/A,cvm_code,1.0,,
26174,AUREN OPERAÇÕES S.A.,AESO,AUREN OPERAÇÕES S.A.,cvm_code,1.0,,
26204,BLUEFIT ACADEMIAS DE GINÁSTICA E PARTICIPAÇÕES S.A,BFFT,BLUEFIT ACADEMIAS DE GINÁSTICA E PARTICIPAÇÕES S.A,cvm_code,1.0,,
26255,TIGRE S.A. PARTICIPAÇÕES,TIGR,TIGRE S.A. PARTICIPAÇÕES,cvm_code,1.0,,
26271,ENVIRONMENTAL ESG PARTICIPAÇÕES S.A.,EESG,ENVIRONMENTAL ESG PARTICIPAÇÕES S.A.,cvm_code,1.0,,
26280,COMERC ENERGIA S.A.,COMR,COMERC ENERGIA S.A.,cvm_code,1.0,,
26328,MONTE RODOVIAS S.A.,MRHP,MONTE RODOVIAS HOLDING E PARTICIPAÇÕES SOCIETÁRIAS,cnpj,1.0,,
26352,RODOVIAS DO BRASIL HOLDING S.A.,RODB,RODOVIAS DO BRASIL HOLDING S.A.,cvm_code,1.0,,
26379,MADERO INDÚSTRIA E COMÉRCIO S.A.,MDRO,MADERO INDUSTRIA E COMERCIO S.A.,cvm_code,1.0,,
26395,ALMEIDA JUNIOR SHOPPING CENTERS S.A.,ALMJ,ALMEIDA JUNIOR SHOPPING CENTERS S.A.,cnpj,1.0,,
26409,VERO S.A.,VERO,VERO S.A.,cvm_code,1.0,,
26441,SERENA ENERGIA S.A.,SRNA,SERENA ENERGIA S.A.,cvm_code,1.0,,
26468,HOSPITAL ANCHIETA S.A.,HSPA,HOSPITAL ANCHIETA S.A.,cvm_code,1.0,,
26514,ASA BRANCA HOLDING S.A.,ASAB,ASA BRANCA HOLDING S.A.,cvm_code,1.0,,
26522,CERRADINHO BIOENERGIA S.A.,CERR,CERRADINHO BIOENERGIA S.A.,cvm_code,1.0,,
26565,HOLDING DO ARAGUAIA S.A.,HARG,HOLDING DO ARAGUAIA S.A,cvm_code,1.0,,
26590,AURA ALMAS MINERAÇÃO S.A.,AALM,AURA ALMAS MINERAÇÃO S.A.,cvm_code,1.0,,
26603,GSH CORP PARTICIPAÇÕES S.A.,GSHC,GSH CORP PARTICIPACOES S.A.,cvm_code,1.0,,
26697,FOZ DO RIO CLARO ENERGIA S.A.,FZRC,FOZ DO RIO CLARO ENERGIA S.A.,cvm_code,1.0,,
26700,EUROFARMA LABORATËRIOS S.A.,EUFA,EUROFARMA LABORATORIOS S.A,cvm_code,1.0,,
26867,UNIÃO QUÍMICA FARMACÊUTICA NACIONAL S.A.,UQUF,UNIAO QUIMICA FARMACEUTICA NACIONAL S.A.,cvm_code,1.0,,
26956,OCEÂNICA ENGENHARIA E CONSULTORIA S.A.,OCEA,OCEÂNICA ENGENHARIA E CONSULTORIA S.A.,cvm_code,1.0,,
26980,BORRACHAS VIPAL S.A.,BVPL,BORRACHAS VIPAL S.A.,cvm_code,1.0,,
27022,BRASIL TELECOM,BTEL,V. TAL  REDE NEUTRA DE TELECOMUNICAÇÕES S.A.,cvm_code,1.0,,
27049,ORIZON MEIO AMBIENTE S.A.,ORMA,ORIZON MEIO AMBIENTE S.A.,cvm_code,1.0,,
27057,VITRU EDUCAÇÃO S.A.,VTRU,VITRU EDUCAÇÃO S.A,cvm_code,1.0,,
27073,SOLVI ESSENCIS AMBIENTAL S.A.,SVEA,SOLVI ESSENCIS AMBIENTAL S.A.,cvm_code,1.0,,
27090,TIM BRASIL SERVIÇOS E PARTICIPAÇÕES S.A.,TBSP,TIM BRASIL SERVIÇOS E PARTICIPAÇÕES S.A.,cvm_code,1.0,,
27103,CHINA THREE GORGES BRASIL ENERGIA S.A.,CHTH,CHINA THREE GORGES BRASIL ENERGIA S.A.,cvm_code,1.0,,
27154,CIA ESTADUAL DE GERAÇÃO DE ENERGIA ELÉTRICA - CEEE-G,CGEE,CIA ESTADUAL DE GERAÇÃO DE ENERGIA ELÉTRICA-CEEE-G,cvm_code,1.0,,
27162,UNIDAS LOCADORA S.A.,UNLC,UNIDAS LOCADORAS S.A.,cvm_code,1.0,,
27189,VOTORANTIM CIMENTOS S.A.,VEBM,VOTORANTIM CIMENTOS S.A.,cvm_code,1.0,,
27197,TURBI COMPARTILHAMENTO DE VEÍCULOS S.A.,TUBI,TURBI COMPARTILHAMENTO DE VEICULOS S/A,cvm_code,1.0,,
27219,GRANJA FARIA S.A.,EGGY,GRANJA FARIA S.A.,cvm_code,1.0,,
27227,ORIGEM ENERGIA S.A.,ORIG,ORIGEM ENERGIA S.A.,cvm_code,1.0,,
27243,CLI SUL S.A.,CLIS,CLI SUL S.A.,cvm_code,1.0,,
27251,INSPIRALI EDUCAÇÃO S.A.,INEL,INSPIRALI EDUCACAO S.A.,cvm_code,1.0,,
27260,CORREDOR LOGÍSTICA E INFRAESTRUTURA S.A.,CLII,CORREDOR LOGÍSTICA E INFRAESTRUTURA S.A.,cvm_code,1.0,,
27316,"BRAZIL TOWER, CESSÃO DE INFRA-ESTRUTURAS S.A",BTCL,BRAZIL TOWER. CESSÃO DE INFRA-ESTRUTURAS S.A,cvm_code,1.0,,
27324,VOKE S.A.,AGAU,VOKE S.A.,cvm_code,1.0,,
27332,HÉLIO VALGAS SOLAR PARTICIPAÇÕES S.A.,HVSP,HELIO VALGAS SOLAR PARTICIPACOES S.A.,cvm_code,1.0,,
27340,CONSTRUTORA METROCASA S.A.,CMTS,CONSTRUTORA METROCASA S.A.,cvm_code,1.0,,
27383,LET'S RENT A CAR S.A.,LETS,LETS RENT A CAR S/A,cvm_code,1.0,,
27472,CENTRAIS ELÉTRICAS DO NORTE DO BRASIL S.A.,ELTN,CENTRAIS ELÉTRICAS DO NORTE DO BRASIL S.A,cvm_code,1.0,,
27499,BRASIL TECNOLOGIA E PARTICIPAÇÕES S.A.,TEPA,BRASIL TECNOLOGIA E PARTICIPAÇÕES S.A.,cvm_code,1.0,,
27502,GIGA MAIS FIBRA TELECOMUNICAÇÕES S.A.,SUMI,GIGA MAIS FIBRA TELECOMUNICAÇÕES S.A.,cvm_code,1.0,,
27510,VITAL ENGENHARIA AMBIENTAL S.A.,VTEG,VITAL ENGENHARIA AMBIENTAL SA,cvm_code,1.0,,
27545,ASSURUÁ 4 E 5 HOLDING ENERGIA S.A.,ASSR,ASSURUÁ 4 E 5 HOLDING ENERGIA S.A.,cvm_code,1.0,,
27642,EQUIPAV SANEAMENTO S.A.,AEGE,EQUIPAV SANEAMENTO S.A.,cvm_code,1.0,,
27650,REVEE S.A.,RVEE,REVEE S.A.,cvm_code,1.0,,
27669,CORPÓREOS - SERVIÇOS TERAPÊUTICOS S.A.,CTEP,CORPOREOS SERVICOS TERAPEUTICOS SA,cvm_code,1.0,,
27715,EPR INFRAESTRUTURA PR S.A.,EPRI,EPR INFRAESTRUTURA PR S.A,cvm_code,1.0,,
27740,PRIO FORTE S.A.,PFOR,PRIO FORTE S.A.,cvm_code,1.0,,
27766,UNIÃO PET PARTICIPAÇÕES S.A.,AUAU,UNIÃO PET PARTICIPAÇÕES S.A.,cvm_code,1.0,,
27774,BTG PACTUAL COMMODITIES SERTRADING S.A.,BTCO,BTG PACTUAL COMMODITIES SERTRADING S.A,cvm_code,1.0,,
27804,TERP GLBL BRASIL I PARTICIPAÇÕES S.A.,TGBP,TERP GLBL BRASIL I PARTICIPACOES S.A.,cvm_code,1.0,,
27820,GRUPO SALTA EDUCAÇÃO S.A.,SALT,GRUPO SALTA EDUCAÇÃO S.A.,cvm_code,1.0,,
27839,CPX DISTRIBUIDORA S.A.,CPXD,CPX DISTRIBUIDORA S.A.,cvm_code,1.0,,
27847,TECNOGERA-LOCAÇÃO E TRANSFORMAÇÃO DE ENERGIA S.A.,TECG,TECNOGERA LOCACAO O E TRANSFORMACAO DE ENERGIA S.A,cvm_code,1.0,,
27880,HIGHLINE BRASIL II INFRAESTRUTURA DE TELECOMUNICAÇÕES S.A.,HGB9,HIGHLINE BRASIL II INFRAESTRUTURA DE TELECOM,cvm_code,1.0,,
16705,ALEF S/A,FCEF,ACEF S.A.,fuzzy,0.875,,
21202,VIX LOGÍSTICA S/A,VIXL,VIX LOGISTICA S/A,fuzzy,1.0,,
23000,LIGHT ENERGIA S.A,LGTE,LIGHT ENERGIA S.A.,fuzzy,1.0,,
26506,LUPO S.A.,LUFP,LUFT PARTICIPACOES S.A.,fuzzy,0.75,,
27367,LIGGA TELECOMUNICAÇÕES S.A.,CPTM,LIGGA TELECOMUNICACOES S.A.,fuzzy,1.0,,
27430,ALUBAR METAIS E CABOS S.A.,ALMC,ALUBAR METAIS E CABOS S.A.,fuzzy,1.0,,
27731,CONCESSIONÁRIA DA LINHA 4 DO METRÔ DE SÃO PAULO S.A.,CNLM,CONCESSIONARIA DA LINHA 4 DO METRO DE SAO PAULO SA,fuzzy,0.959,,
27944,TUPI ENERGIAS RENOVÁVEIS S.A.,TUPW,TUPI ENERGIAS RENOVAVEIS S.A.,fuzzy,1.0,,
